Texto do post-it,Data,Frente,Cor sugerida
Sprint 13 · Portabilidade · Dados · Pagamentos,jul/26,Todas,Cinza
Sprint 14 · revisão dos quadros das 3 frentes,05/08,Todas,Cinza
Guia de UX v23 · Pix Automático/Agendado via hybrid flow e JSR,28/08,Pagamentos,Amarelo
PCM release 2026C em produção · Pagamentos v4 descontinuada,01/09,Pagamentos,Amarelo
Service Desk · nova categoria de desconformidade,08/09,Governança,Amarelo
Marco 100% API Vínculo de Dispositivo v2.3.0 (JSR),11/09,Pagamentos,Amarelo
Marco 100% Crédito Pessoal sem Consignação / Empréstimos v2.7,14/09,Portabilidade de Crédito,Amarelo
Base do protótipo de Retenção Open Finance,15/09,Retenção,Amarelo
Marco A1 CIBA · API Consentimento v3.3.1,22/09,Dados Abertos e Transacionais,Amarelo
Taxa de conversão de consentimento 100% via PCM,30/09,Dados Abertos e Transacionais,Amarelo
